{
    "tasks": [
      {
        "id": 1,
        "title": "Task 1",
        "description": "This is task 1",
        "completed": false,
        "groupId": 1
      },
      {
        "id": 2,
        "title": "Task 2",
        "description": "This is task 2",
        "completed": true,
        "groupId": 1
      }
    ],
    "users": [
      {
        "id": 1,
        "name": "User 1",
        "groupId": 1
      },
      {
        "id": 2,
        "name": "User 2",
        "groupId": 2
      }
    ]
  }